{"cameraMode":{"drawMode":0,"name":"Shaded","section":"Shading Mode"},"sceneLighting":false,"audioPlay":false,"sceneViewState":{"m_AlwaysRefresh":false,"showFog":true,"showSkybox":false,"showFlares":true,"showImageEffects":true,"showParticleSystems":true,"showVisualEffectGraphs":true,"m_FxEnabled":true},"in2DMode":false,"pivot":{"x":-0.003289188724011183,"y":-0.00388483633287251,"z":0.0023716152645647527},"rotation":{"x":0.23299896717071534,"y":0.6385663747787476,"z":-0.21189667284488679,"w":0.7021625638008118},"size":0.017320509999990464,"orthographic":false}